ID,Name,Email,Age,Date Joined,Country,Phone Number,Salary,Job Title,Subscribed
1,Megan Lopez,nancy63@schmidt.com,,,Canada,035-721-9686,43321.8,Data Analyst,
2,Melissa Parker,uhorne@yahoo.com,,05/08/2023,canada,535-010-5451,647835.3277034075,enginr,N
3,Joyce Smith,christinaclark@rivera.net,,12/21/2022,Canada,368-679-8303,51429.3,,Y
4,  Audrey Edwards ,donaldcooper@gmail.com,,10/16/2021,Mexico,678-875-1987,46138.76,Data Analyst,Y
5,Kayla Valdez,cduncan@maxwell.biz,65,10/27/2024,canada,267-788-6284,983923.2046556688,enginr,
6,Jeffery Martin,tracyjohnson@gmail.com,,11/07/2024,USA,(673)260-2673,65913.5,,N
7,Glenn Norton,andreahicks@parker-williams.com,,,Germany,1811968548,44676.72,Designer,N
8,Joyce Moore,kellyharrington@vargas.com,,08/09/2023, Germny,021-015-6452,57573.67,Manager,Y
9,Kari Park,william50@yahoo.com,58,,Mexico,318-403-0372,63279.57,manager,Yes
10,Brenda Johnson,andrewchandler@gmail.com,63,04/24/2024,canada,685.050.5817,73226.42,manager,Y
11,Susan Giles,tiffany45@yahoo.com,59,,Mexico,612-378-4185,43041.72,data analyst,Yes
12,Johnny Miller,ann89@yahoo.com,,09/04/2023,Germny,667-657-1761,620164.3323942033,Manager,Y
13,Chloe Hill,kaylafoster@miller.biz,,11/20/2022,mexico,063-860-5668,56892.51,,Y
14,Robert Hansen,mark59@bates.org,,07/02/2025,Canada,677-019-7880,N/A,,Yes
15,Brian Martin MD,qgreen@yahoo.com,,07/29/2025,Germny,927-994-1179,50647.84,manager,
16,Jonathan Brown,brandy99@bryant.com,29,08/22/2023,Canada,874-907-1846,82431.51,Data Analyst,
17,Shawn Molina,robert52@gmail.com,40,04/16/2022,UK,+1-079-220-1256x89001,650727.187798998,data analyst,N
18,Tina Jordan,lindseyjohnson@hotmail.com,24,08/13/2020,Mexico,550-072-3520,51983.75,Manager,No
19,Mary Hobbs,fernandezdavid@burton.com,,02/21/2023,U.K.,629-818-9127,37574.19,Engineer,Yes
20,Elizabeth Richardson,cameronherring@hotmail.com,,01/03/2024,canada,088-587-3744,80577.93,Manager,
21,Jennifer Mitchell,jameswoods@gmail.com,,09/12/2023,Canada,946-043-2421,62633.3,Engineer,
22,andrew lewis,steven21@gmail.com,,04/17/2021,canada,525-258-5475,54067.25,Engineer,No
23,Deborah Sosa,smithchad@martin.com,,06/26/2024,UK,892-886-5798,55662.95,,N
24,Gary Rubio,kendra99@lewis.com,,07/09/2023,U.K.,083-368-4599,439120.2248346514,Data Analyst,N
25,Tracy Moore,ajones@stuart.com,44,01/21/2024,U.K.,001-826-420-0116x93007,45111.21,Designer,Yes
26,Steve Welch,zfuller@hotmail.com,54,05/17/2021,canada,774-623-1740,71509.45,manager,N
27,Theresa Wong,nevans@hotmail.com,,01/26/2024,mexico,168-760-6231,42753.11,Designer,
28,Dr. Maurice Oconnor,shieldstodd@brown.com,,02/01/2023,United States,380-759-0830,855990.7430517694,Manager,N
29,Nancy Chang,sarah99@yahoo.com,62,06/20/2022,Germany,010-275-7956,73103.84,,Yes
30,Samantha Hughes,morgancourtney@sharp.biz,,08/22/2024,Germny,567-801-8365,54648.82,Designer,
31,Brandy Patel,xhall@johnson-williamson.com,,02/25/2022,U.K.,424-328-2921,68341.83,enginr,N
32,Amy Leonard,johnstonrebekah@gmail.com,,06/11/2023,mexico,378-209-4181,79490.95,data analyst,Y
33,David Bowman,njordan@yahoo.com,32,06/03/2021,United States,361-552-0362,N/A,Engineer,
34,Heather Riley,townsendtrevor@clark.net,,09/02/2023,Germny,010-742-7557,N/A,data analyst,No
35,Brian Spencer,brandon46@gmail.com,,05/27/2025,Germny,9392163603,46992.81,Desginer,
36,John Sanchez,gshelton@yahoo.com,,07/29/2021,Germany,014-988-7867,48732.31,Data Analyst,
37,Jonathan Ali,lisa41@hotmail.com,,09/24/2024,Canada,686-884-7096,43043.58,,Yes
38,Kevin Elliott,carrolljill@yahoo.com,,01/09/2023,U.K.,235-545-5204,73180.1,data analyst,Yes
39,Kathryn Little,rjenkins@gmail.com,,05/30/2021,United States,946-875-0657,56406.08,Desginer,Y
40,Kenneth Huynh,sandra32@williams.org,,07/14/2024,UK,225-398-7899x84488,58138.01,,N
41,Melissa Knight,williamgilbert@gmail.com,,04/03/2024,Canada,908-993-8717,71105.11,Manager,
42,Ricky Lee,ogarcia@winters.com,,01/15/2024,Germny,262-455-6795,69451.12,enginr,N
43,Jessica Molina,wellsluis@gonzalez-patterson.biz,,11/27/2023,United States,263-947-8669,86444.06,,
44,Richard Gray,alexander80@gmail.com,46,11/18/2021,Germny,145-986-0096,73576.83,manager,No
45,Keith Horton,markchapman@yahoo.com,21,10/26/2020,Canada,743-862-6275,50941.43,manager,Yes
46,Albert Santiago,yharper@hunt.net,63,01/05/2021,USA,714-507-0292,42711.52,enginr,
47,kathleen hall,kylejohnson@osborne.biz,63,10/13/2020,Canada,685-685-0929,37488.47,Desginer,Y
48,susan lindsey,vanessa39@williams.net,,09/09/2024,United States,(594)480-9260,46603.2,Engineer,
49,Michael Schmidt PhD,briandennis@hotmail.com,,,Germany,703-377-3781,N/A,Engineer,Yes
50,Kristopher Brown,jeffrey92@patterson.com,,10/23/2024,Germny,309-535-8413,54977.74,Designer,N
51,William Gonzalez,rserrano@smith-evans.com,,,canada,859-241-3829,53332.52,Manager,No
52,Allison Paul,robert68@lee.biz,,11/02/2023,U.K.,881-632-0021,34963.01,Desginer,
53,Darren Stark,michael84@ramirez.com,,06/06/2025,Canada,015-973-4411,74180.73,enginr,N
54,Julia Henry,tonya93@archer-long.org,24,11/02/2022,U.K.,152-799-6335,78996.1,Data Analyst,
55,Jennifer Raymond,schultzlisa@smith.com,,12/20/2020,canada,246-572-1489,N/A,enginr,Y
56,dylan lopez,mullinsshawn@russell.com,49,03/15/2022,USA,185.613.0966,56439.12,enginr,Y
57,Chelsea Ellis,vrusso@yahoo.com,57,11/23/2022,U.K.,639-361-8167,88080.09,data analyst,
58,Eric Barnes,craig49@watkins.net,27,11/27/2020,UK,+1-819-236-9198,60877.63,Desginer,N
59,Timothy Sheppard,benjamin45@hotmail.com,,04/21/2024,United States,983-195-5038,952199.5392675484,Desginer,N
60,Ryan Miller,iporter@bradley.biz,,08/18/2021,Mexico,098-143-7549,50772.99,enginr,Y
61,Stephanie Hensley,eduardonorris@bauer.com,39,,Mexico,863-396-3853,91669.76,manager,No
62,Amy Wheeler,lkhan@yahoo.com,,07/22/2021,mexico,(192)033-3437x0501,N/A,Data Analyst,
63,Judith Brooks,hopkinscynthia@hotmail.com,,04/15/2021,Canada,192-731-4638,50666.44,Data Analyst,No
64,Kelly Hart,garciaedward@powell-wilson.com,,03/24/2023,U.K.,551-316-5973,54667.67,data analyst,N
65,Randall Jones,mariekennedy@hotmail.com,40,11/22/2022,canada,828-477-3314,33184.93,,No
66,Zoe Mckenzie,aaronclay@baker.biz,50,08/10/2024,Mexico,850-014-9551,41691.45,Engineer,Yes
67,Rebecca Reed,kelly98@hoffman.com,,09/27/2020,canada,421-909-4636,52152.18,data analyst,No
68,jeremiah warner,lisa89@hotmail.com,,06/30/2021,Canada,231-958-5240,N/A,Data Analyst,
69,Michelle Molina,kristen92@friedman-evans.com,,12/01/2021,USA,708-852-1587,74237.14,data analyst,N
70,Steve Moore,michael88@hernandez.com,63,,Mexico,439-523-2590,71560.17,Desginer,No
71,Jessica Landry,tyler81@page.net,34,08/22/2022,Mexico,4168141944,70005.84,Data Analyst,N
72,Stacie Rios,stephenlandry@gmail.com,,,USA,313-674-6394,69207.62,Designer,Yes
73,Kathryn Davis,stephanie60@williams-west.com,,,UK,973-501-0920,80368.21,Designer,
74,Sarah Jones,charlotteevans@hotmail.com,,08/02/2024,Germany,061-499-6076,77315.32,Desginer,N
75,Angela Edwards,lesliebrown@hodges-diaz.com,47,12/18/2020,UK,047-380-7298,N/A,enginr,Y
76,Lisa Wells,pcherry@delacruz.com,,02/27/2022,Germany,670-558-7950,52839.27,Data Analyst,
77,joseph cruz,makaylagardner@yahoo.com,,10/13/2021,USA,444-572-4453,N/A,Data Analyst,
78,Melissa Lynch,james15@young.com,,01/03/2022,Germany,711-756-8660,67390.3,,N
79,Kristin Gross,erikmccullough@yahoo.com,20,09/03/2021,Germany,604-315-1721,613330.9509197616,data analyst,N
80,katherine williamson,melissa09@hotmail.com,62,06/13/2021,Germny,397-982-6206,67104.41,data analyst,
81,Elijah Holmes,robertlucas@wright.com,40,12/28/2023,Mexico,367-338-4083,60815.26,data analyst,
82,nicole scott,ccampbell@yahoo.com,57,12/04/2024,Germny,677-933-9085,58336.02,Data Analyst,
83,Emily Durham,jmaldonado@hotmail.com,58,,Mexico,059-016-5987,74644.64,,Yes
84,Jack Johnson,xperkins@hardin.com,,06/16/2021,canada,905-001-4014,31309.4,manager,N
85,Steven Cooper,nwilkinson@howard.org,,12/10/2021,Mexico,729-215-4740,65437.15,Engineer,
86,Stephanie Butler,imiller@yahoo.com,,11/29/2022,UK,847-608-2528,58895.83,Desginer,Yes
87,John Wilson,laurieruiz@hammond.info,35,08/26/2021,USA,931-843-3216,55766.68,Desginer,
88,Ruth Briggs,bgilmore@yahoo.com,,02/15/2021,Canada,243-055-8671,58370.57,data analyst,
89,Sarah Schneider DDS,knightchloe@yahoo.com,49,11/04/2020,Germany,491-672-3828,59167.73,Manager,N
90,Mark Butler,melissa07@gmail.com,,04/20/2025,Canada,640-641-2915,39471.15,enginr,Yes
91,Robert Lee MD,sherry09@hendricks.org,,02/03/2023,United States,460-067-7218,68032.38,Desginer,
92,Tyler Smith,stephanie11@perez-collins.com,,02/19/2021,UK,255-056-7337,75398.7,,Y
93,bryan odom,fgarcia@yahoo.com,,01/20/2025,Germany,271-346-7885,62491.32,Manager,
94,Carlos Nguyen,qcook@kidd.info,25,11/19/2022,United States,547-966-2063,34036.9,Manager,Y
95,Logan Gibson,michelleboone@cherry.info,57,05/19/2023,Germany,876-932-8136,81665.08,Engineer,Yes
96,Joyce Lewis,kirk53@hotmail.com,,05/03/2021,Germny,425-496-4586,59779.23,enginr,
97,Stuart Larson,mckinneyjoseph@gmail.com,,02/15/2022,canada,214-802-5484,71946.08,Manager,
98,Ashley Hernandez,bdavis@hotmail.com,,11/26/2023,UK,627-144-6161,43481.22,Data Analyst,Y
99,Barry Reid,stanleyevans@knight-mcmahon.biz,,,Mexico,479-773-2248,67315.1,Manager,Y
100,Jane Bryant,lchristian@murphy.org,40,05/25/2022,U.K.,828-680-6354,38488.67,Engineer,
101,Carol Moreno,sean37@hall.info,,,United States,811.487.8632,57127.01,Desginer,
102,Rachel Clark,kroy@martin.com,,10/21/2024,Mexico,513-211-3080,N/A,,Y
103,Ariel Grimes,danielmeyers@stewart-larson.info,42,10/31/2022,Canada,164-613-2545,51790.8,Engineer,
104,Leslie Carr,amandarodriguez@hotmail.com,41,08/18/2021,U.K.,812-090-2678,415791.89713145635,,N
105,Joshua Wilson,jessica15@gmail.com,,08/29/2023,United States,062-439-4232,45415.97,Data Analyst,Yes
106,Catherine West,wwashington@anderson.com,,10/20/2021,USA,758-597-8854,611922.3677726308,manager,N
107,Collin Drake,jacob10@beck.com,,08/29/2023,canada,145-219-9593,63273.34,data analyst,Yes
108,Henry Brooks,karenliu@gmail.com,,03/17/2023,Mexico,+1-492-684-0722x6018,73658.46,Engineer,N
109,Timothy Gonzalez,washingtondenise@knight.com,35,02/06/2025,United States,899-091-0651,80935.98,Designer,Y
110,Donald Davis,greenmaria@dominguez.org,26,04/28/2021,U.K.,012-289-7533,40355.26,Designer,
111,Diana Villanueva,cynthiajohnson@hotmail.com,,,canada,086-022-8490,47571.24,Manager,N
112,Mr. Richard Hall,morganwalters@hotmail.com,,08/25/2024,Canada,541-786-6476,51822.46,Designer,Y
113,Allison Lambert MD,nancy92@nguyen-moreno.info,,08/15/2023,canada,474-886-3175,49139.97,enginr,No
114,Ashlee Houston,rileyjessica@hotmail.com,,11/29/2022,UK,180-304-3881,52011.3,enginr,N
115,Kelly King,charlesmyers@gmail.com,38,08/14/2024,canada,781-953-9588,53120.71,Designer,Yes
116,Amber Wheeler,daniel18@fry.com,,,Canada,292-766-5012,55399.25,Manager,Yes
117,Angela Lopez,dwarren@lloyd-stevens.net,,03/20/2025,Germany,286-436-2666,N/A,Designer,
118,Jonathan Hernandez,lisaaustin@yahoo.com,,01/30/2024,U.K.,965-711-5190,76594.94,Data Analyst,Y
119,Scott Anderson,clarkstacy@gmail.com,,11/17/2022,United States,736-313-6499,71574.57,Manager,Y
120,Robert Wood,tgilmore@suarez-heath.com,33,09/07/2022,Germny,722-915-4351,67320.66,Designer,Yes
121,Mckenzie Keller,whitecharles@macdonald.biz,,06/01/2025,U.K.,653-127-8601,83702.01,Designer,
122,Amanda Travis,pinedadanielle@hotmail.com,,09/17/2020,Canada,731-950-2475,55946.95,Designer,
123,Amy Anderson,cobbmark@hotmail.com,31,10/05/2020,UK,557-391-8708,74214.25,Data Analyst,
124,Natalie Patrick,benjaminmiller@taylor.org,,10/09/2020,USA,363-092-4087,73386.16,,
125,Amy Taylor,matthew12@yahoo.com,,12/15/2020,canada,377-304-7529,61434.31,manager,No
126,Zachary Oconnor,mbailey@yahoo.com,40,10/09/2022,U.K.,913-921-9029,52689.07,manager,
127,Hannah Harvey,shenderson@peterson.com,33,06/15/2022,UK,+1-705-009-7324x0672,66057.31,,Yes
128,Eddie Ramirez,theresajones@yahoo.com,,02/18/2023,Mexico,733-041-9181,79304.62,manager,No
129,Karen Campbell DDS,ballen@hotmail.com,,12/27/2024,UK,042-104-4376,53330.44,,N
130,David Hart,timothy34@copeland.com,47,02/06/2024,Mexico,758-686-6154,62558.91,Designer,
131,Eddie Pratt,khall@gmail.com,,04/22/2022,United States,381-451-3600,72533.48,Manager,No
132,christopher stevenson,ryandonna@gmail.com,,10/10/2021,USA,885-945-0957,86732.45,Manager,Yes
133,Mary Griffin,gonzalezjohn@conner-rodriguez.net,30,03/23/2021,Mexico,271-874-9730,68854.12,manager,No
134,Cindy Taylor,cameron53@thompson.com,,,mexico,626-261-0727,98080.37,enginr,
135,Gregory Fernandez,deborah77@bullock.com,,02/26/2024,United States,073-975-2437,N/A,data analyst,Yes
136,Ralph Castro,emilygonzalez@white-mcdonald.biz,,03/17/2021,Germny,162-744-7408,67859.29,manager,Y
137,Leon Smith,stephanie01@blair.com,32,07/17/2023,UK,737-238-0237,43118.71,enginr,N
138,Keith Thomas,baileyevan@garner.com,64,11/13/2023,USA,866-093-8106,57764.45,Data Analyst,N
139,jacob webster,colton63@yahoo.com,,02/27/2021,Germny,013-294-9633,48013.34,data analyst,No
140,Kayla Riley,kathryntucker@smith-williams.biz,,03/06/2025,Germny,577.438.3839,57531.97,enginr,
141,Jessica Simpson,allenanna@houston.org,,11/19/2023,Mexico,924-656-4363,N/A,Desginer,No
142,Robert Davis,jbrown@gmail.com,46,01/20/2023,United States,(927)934-4332,80828.73,Data Analyst,Y
143,Hannah Cook,cameron38@butler-frost.com,,04/27/2022,canada,926-316-3452,20109.73,Engineer,
144,Kevin Boyd,matthewbarajas@yahoo.com,,01/19/2022,mexico,330-215-5659,54571.64,Data Analyst,
145,Kimberly Hall,andrea70@rodriguez-romero.com,26,05/16/2025,Canada,+1-800-266-6998x68589,58956.15,Desginer,N
146,gabriela russell,kathryn43@gmail.com,,,Germany,990-924-2473,67507.16,,
147,Stacey Hawkins,amy36@yahoo.com,,01/16/2024,mexico,557-918-9747,44201.12,,No
148,Patrick Graham,vramirez@berry-walton.com,,06/12/2023,mexico,299-497-2603,34953.31,Engineer,
149,Christian Duarte,vpayne@hotmail.com,,06/20/2021,mexico,483-416-1306,86470.3,Manager,N
150,Gregory Alvarez,aaronroberts@yahoo.com,,03/21/2023,UK,214-595-0033,33697.96,,No
151,Juan Weaver,jacquelinevalencia@gmail.com,,09/29/2020,canada,722-184-5088,51826.17,Manager,No
152,Kelly Black,jeff06@hotmail.com,65,02/07/2025,UK,+1-444-079-5900x01433,92328.59,enginr,Yes
153,Lauren Peterson,taylormoore@wallace-newton.info,,05/06/2024,U.K.,222-408-8095,70083.86,,Y
154,theresa ortiz,umunoz@bender.com,36,09/29/2022,United States,883-061-6786,35556.11,enginr,No
155,Sheila Gibbs,mblanchard@hotmail.com,,10/15/2023,United States,594-131-5248,N/A,enginr,Y
156,Sonya Rich,dylanfitzpatrick@gmail.com,,10/11/2023,Mexico,423-621-6514,68277.95,manager,
157,Lisa Bailey,yvelez@thompson-nelson.info,,09/09/2022,Mexico,504-443-7524,657542.0930725156,Data Analyst,N
158,Matthew Nicholson,pgallagher@yahoo.com,,04/09/2021,Mexico,928-778-6176,24454.18,Data Analyst,
159,Tammy Taylor,jgriffin@gray.com,,10/27/2022,mexico,946-577-2048,68609.5,Data Analyst,Yes
160,Samuel Stokes,greenbenjamin@gmail.com,,06/01/2024,Mexico,622-279-3162,336963.9423136969,Designer,
161,Kevin Garcia,careyanthony@baldwin.info,,06/24/2024,Germany,163.823.4190,34656.64,enginr,No
162,Michael Jones,ujohnson@gmail.com,20,08/13/2021,UK,269-291-1800,74806.83,Designer,No
163,Cynthia Brown,zallen@yahoo.com,46,12/02/2023,Mexico,056-894-4846,43683.29,manager,
164,Christopher Evans,calvin05@hotmail.com,,05/22/2025,Mexico,854-482-3520,73942.24,Engineer,No
165,Mrs. Emily Salazar,william73@gmail.com,20,03/25/2023,Germny,153-969-6999,72250.48,,Y
166,Daniel Wolfe,briankelly@henderson.biz,,08/28/2023,Germny,672-946-2839,69279.93,Data Analyst,Y
167,Amy Meyers,sara91@gmail.com,,10/04/2021,Mexico,981.185.6347x03256,722772.710195781,Engineer,No
168,Taylor Hill,hughesjames@michael-hall.biz,59,06/17/2024,USA,442-700-1653,62007.71,Manager,No
169,Susan Mccall,hraymond@cox.com,,,canada,746-087-1133,38922.6,Desginer,Yes
170,Albert Parker,jamescardenas@bradley-pruitt.com,,05/27/2021,Mexico,995-912-6575,67515.5,Manager,No
171,Taylor Middleton,randy51@gmail.com,,09/02/2023,Canada,017-145-7893,73016.48,Desginer,Y
172,matthew olson,tammy08@gmail.com,,05/27/2023,Germany,282-100-4058,N/A,Data Analyst,Yes
173,Jesse Trevino,nwilson@yahoo.com,22,07/26/2022,Canada,384-551-3064,64245.48,Data Analyst,Y
174,Travis Mcguire,barnesdavid@wiley.com,20,04/27/2021,canada,855-246-9751,73797.41,Data Analyst,
175,Patricia Ramos,joneskimberly@yahoo.com,27,10/28/2023,canada,739-466-9704,64707.93,Engineer,No
176,Crystal Marsh,caldwelljeffrey@yahoo.com,,12/25/2020,Canada,782-313-4678,30994.83,enginr,No
177,Jessica Payne,ubennett@mitchell.net,,09/01/2021,UK,766-054-9833,N/A,manager,N
178,Tina Webb,kclayton@moore.org,,03/29/2023,Germny,306-429-7772,41889.06,data analyst,N
179,Richard Smith,crystalbrooks@cervantes.info,,06/24/2025,Canada,506-979-6285,77506.54,Data Analyst,Yes
180,Matthew Stephens,alex97@shelton-hicks.com,,11/23/2022,Mexico,028-817-0040,84316.63,Designer,
181,Wanda Martin,burnsgregory@yahoo.com,59,12/19/2022,Canada,385-177-1701,54399.01,enginr,Y
182,Lisa Chavez,mariebailey@ramos.com,,03/10/2022,UK,421-083-7366,42396.45,data analyst,
183,John Brennan,rosswanda@mooney-saunders.com,38,05/21/2024,U.K.,054-607-4937,N/A,,No
184,Jesse Hansen,michaelschwartz@hayes-collins.info,,,U.K.,692-594-2157,68152.49,data analyst,
185,Alexandra Chavez,emily69@fernandez-hayes.com,,03/31/2022,U.K.,135-345-9882,76254.14,Data Analyst,No
186,Craig King,troyflores@trevino.info,,02/23/2024,Canada,800-201-4323,7787.87,Designer,Yes
187,Evelyn Woods,angelahampton@blankenship.biz,,04/12/2022,mexico,846-184-7675,46946.65,Engineer,No
188,Shannon Parker,williamdiaz@mccoy.com,50,06/12/2025,Germany,423-019-0605,66084.26,Manager,
189,Bradley Ward,lindastrickland@hotmail.com,,10/21/2021,mexico,151-447-0922,70725.11,Desginer,No
190,Sheila Wilson,uross@bryan.net,,10/08/2020,Germny,(035)624-1659,54445.15,Manager,Yes
191,Michael Miller,wwilliamson@hotmail.com,62,10/11/2022,Canada,928-879-4459,474966.15190810995,Manager,No
192,Carol Williams,melissa74@yahoo.com,19,08/17/2022,mexico,181-755-4302,71299.56,Designer,Yes
193,Rachel Sims,charlesscott@lee.com,41,05/13/2022,mexico,950-812-8986,39746.27,manager,N
194,Sharon Morales,garciahannah@yahoo.com,,03/28/2021,canada,821-470-8564,62633.19,manager,Yes
195,Brittany Lowe,averyruth@bailey.org,,08/12/2020,UK,934.376.6244x976,66127.69,Manager,
196,scott mccoy,carrie50@yahoo.com,20,,Germany,253-867-7850,655065.3400182101,enginr,Y
197,Megan Wells,francoconnie@gmail.com,61,09/02/2020,Mexico,820-610-0429,52112.92,Desginer,
198,Sarah Perez,asmith@yahoo.com,55,10/29/2021,mexico,676-680-0928,41551.96,Desginer,No
199,Crystal Guerrero,tamara56@yang-maldonado.com,24,06/12/2024,Canada,1361864405,57333.9,Manager,N
200,Julie Pacheco,ericturner@hotmail.com,,04/16/2022,canada,863-365-3563,58281.15,Manager,
59,Timothy Sheppard,benjamin45@hotmail.com,,04/21/2024,United States,983-195-5038,952199.5392675484,Desginer,N
41,Melissa Knight,williamgilbert@gmail.com,,04/03/2024,Canada,908-993-8717,71105.11,Manager,
35,Brian Spencer,brandon46@gmail.com,,05/27/2025,Germny,9392163603,46992.81,Desginer,
103,Ariel Grimes,danielmeyers@stewart-larson.info,42,10/31/2022,Canada,164-613-2545,51790.8,Engineer,
185,Alexandra Chavez,emily69@fernandez-hayes.com,,03/31/2022,U.K.,135-345-9882,76254.14,Data Analyst,No
